{"cameraMode":{"drawMode":0,"name":"Shaded","section":"Shading Mode"},"sceneLighting":true,"audioPlay":false,"sceneViewState":{"showFog":true,"showMaterialUpdate":false,"showSkybox":true,"showFlares":true,"showImageEffects":true,"showParticleSystems":true},"in2DMode":false,"pivot":{"x":10.226799964904786,"y":7.203536033630371,"z":-4.5830912590026859},"rotation":{"x":-0.22598206996917725,"y":0.48430758714675906,"z":-0.13107411563396455,"w":-0.8349871039390564},"size":4.041658878326416,"orthographic":false}